Portfolio,Dealer,Exchange,Trading Symbol,BuyQty,SellQty,NetQty,BuyValue,SellValue,NetValue,Account,BuyAvgPrice,SellAvgPrice,BEP,LastTradedPrice,MtoM,Average Rate,Executed Notional Value,BuyLot,SellLot,NetLot,Average Rate BPS
2L3LBank,98,nse_fo,BANKNIFTY11OCT1823500CE,40,0,40,64400.0000,0.0000,-64400.0000,5279N,1610.0000,0.0000,1610.0000,1610.0000,0.0000,-1468.5000,64400.0000
2L3LBank,98,nse_fo,BANKNIFTY11OCT1824000PE,0,40,-40,0.0000,5660.0000,5660.0000,5279N,0.0000,141.5000,141.5000,143.0000,-60.0000,-1468.5000,-5660.0000
StraddleStrangle,98,nse_fo,BANKNIFTY11OCT1823500CE,40,0,40,64400.0000,0.0000,-64400.0000,5279N,1610.0000,0.0000,1610.0000,1610.0000,0.0000,-1754.0000,64400.0000
StraddleStrangle,98,nse_fo,BANKNIFTY11OCT1824000PE,40,0,40,5760.0000,0.0000,-5760.0000,5279N,144.0000,0.0000,144.0000,143.0000,-40.0000,-1754.0000,5760.0000
