Portfolio,Dealer,Exchange,Trading Symbol,BuyQty,SellQty,NetQty,BuyValue,SellValue,NetValue,Account,BuyAvgPrice,SellAvgPrice,BEP,LastTradedPrice,MtoM,Average Rate,Executed Notional Value,BuyLot,SellLot,NetLot,Average Rate BPS
OptionIOC2,98,nse_fo,NIFTY18OCT10500CE,75,0,75,45075.0000,0.0000,-45075.0000,5279N,601.0000,0.0000,601.0000,598.0000,-225.0000,-108.0000,45075.0000
OptionIOC2,98,nse_fo,NIFTY18OCT10600CE,0,75,-75,0.0000,36975.0000,36975.0000,5279N,0.0000,493.0000,493.0000,494.0000,-75.0000,-108.0000,-36975.0000
OptionIOC,98,nse_fo,NIFTY18OCT10500CE,75,0,75,45075.0000,0.0000,-45075.0000,5279N,601.0000,0.0000,601.0000,598.0000,-225.0000,-107.0000,45075.0000
OptionIOC,98,nse_fo,NIFTY18OCT10600CE,0,75,-75,0.0000,37050.0000,37050.0000,5279N,0.0000,494.0000,494.0000,494.0000,0.0000,-107.0000,-37050.0000
OptionStraddle,98,nse_fo,NIFTY18OCT10600CE,75,0,75,37575.0000,0.0000,-37575.0000,5279N,501.0000,0.0000,501.0000,494.0000,-525.0000,-1104.0000,37575.0000
OptionStraddle,98,nse_fo,NIFTY18OCT10500CE,75,0,75,45225.0000,0.0000,-45225.0000,5279N,603.0000,0.0000,603.0000,598.0000,-375.0000,-1104.0000,45225.0000
