,SYMBOL,DATE,SIDE,PRICE,REMARK,STOPLOSS,BUY,,
0,BANKNIFTY,1/10/2017 11:38,BUY,18348.59375,FreshBuy,18311.89656,,-1,-18348.59375
1,BANKNIFTY,1/10/2017 12:15,SELL,18325.9,ExitBuyNewSell,18362.5518,,2,36651.8
2,BANKNIFTY,1/10/2017 12:34,BUY,18352.8,ExitSellNewBuy,18316.0944,,-2,-36705.6
3,BANKNIFTY,1/12/2017 14:22,SELL,18856.95,ExitBuyNewSell,18894.6639,,2,37713.9
4,BANKNIFTY,1/12/2017 15:05,BUY,18894.6639,SLBuyNewBuy,18856.87457,,-2,-37789.3278
5,BANKNIFTY,1/12/2017 15:22,SELL,18856.87457,SLSellNewSell,18894.58832,,2,37713.74914
6,BANKNIFTY,1/13/2017 9:15,BUY,18906.3,ExitSellNewBuy,18868.4874,,-2,-37812.6
7,BANKNIFTY,1/13/2017 9:29,SELL,18868.4874,SLSellNewSell,18906.22437,,2,37736.9748
8,BANKNIFTY,1/13/2017 11:32,BUY,18880.64375,ExitSellNewBuy,18842.88246,,-2,-37761.2875
9,BANKNIFTY,1/13/2017 14:14,SELL,18870.9,ExitBuyNewSell,18908.6418,,2,37741.8
10,BANKNIFTY,1/13/2017 14:50,BUY,18908.6418,SLBuyNewBuy,18870.82452,,-2,-37817.2836
11,BANKNIFTY,1/16/2017 9:17,SELL,18870.82452,SLSellNewSell,18908.56617,,2,37741.64903
12,BANKNIFTY,1/16/2017 9:21,BUY,18908.56617,SLBuyNewBuy,18870.74903,,-2,-37817.13233
13,BANKNIFTY,1/17/2017 11:08,SELL,19071,ExitBuyNewSell,19109.142,,2,38142
14,BANKNIFTY,1/17/2017 14:48,BUY,19084.85,ExitSellNewBuy,19046.6803,,-2,-38169.7
15,BANKNIFTY,1/17/2017 15:27,SELL,19043.95,ExitBuyNewSell,19082.0379,,2,38087.9
16,BANKNIFTY,1/18/2017 9:16,BUY,19100.5,ExitSellNewBuy,19062.299,,-2,-38201
17,BANKNIFTY,1/18/2017 12:16,SELL,19174.1251,ExitBuyNewSell,19212.47335,,2,38348.2502
18,BANKNIFTY,1/19/2017 12:16,BUY,19144.35,ExitSellNewBuy,19106.0613,,-2,-38288.7
19,BANKNIFTY,1/19/2017 14:00,SELL,19112.2,ExitBuyNewSell,19150.4244,,2,38224.4
20,BANKNIFTY,1/19/2017 14:51,BUY,19150.4244,SLBuyNewBuy,19112.12355,,-2,-38300.8488
21,BANKNIFTY,1/19/2017 15:26,SELL,19112.12355,SLSellNewSell,19150.3478,,2,38224.2471
22,BANKNIFTY,1/23/2017 11:02,BUY,18891.7,ExitSellNewBuy,18853.9166,,-2,-37783.4
23,BANKNIFTY,1/23/2017 11:39,SELL,18853.9166,SLSellNewSell,18891.62443,,2,37707.8332
24,BANKNIFTY,1/23/2017 14:24,BUY,18818.28546,ExitSellNewBuy,18780.64889,,-2,-37636.57092
25,BANKNIFTY,1/27/2017 15:20,SELL,19688.87694,ExitBuyNewSell,19728.2547,,2,39377.75388
26,BANKNIFTY,1/30/2017 9:22,BUY,19728.2547,SLBuyNewBuy,19688.79819,,-2,-39456.50939
27,BANKNIFTY,1/30/2017 9:38,SELL,19688.87694,ExitBuyNewSell,19728.2547,,2,39377.75388
,,,,,,MTM,19690,-1,-19690
,,,,,,,,,1211.457153
